1,test_user,1,cultural female genital mutilation,2025-01-10 20:55:48,"[49700987, 41108296, 70340641, 8872149, 151014331, 68561928, 122589791, 126475067, 70353000, 163079162]",4c17b92490816aea96cbcc112f222913,"[('122589791', datetime.datetime(2025, 1, 10, 20, 56, 10), 'works')]"
2,test_user,1,cultural female genital mutilation egypt,2025-01-10 20:57:03,"[107753778, 134385557, 134967534, 31315918, 15106563, 46676819, 45507658, 34140770, 62051567, 46753109]",de73be5d8bf71a6bc877615ebb29b447,"[('15106563', datetime.datetime(2025, 1, 10, 20, 57, 26), 'works')]"
3,test_user,1,cultural female genital mutilation egypt,2025-01-10 20:57:37,"[107753778, 134385557, 134967534, 31315918, 15106563, 46676819, 45507658, 34140770, 62051567, 46753109]",23a73aebe56d4fc595232c0f45e2f10d,"[('107753778', datetime.datetime(2025, 1, 10, 20, 57, 56), 'works')]"
4,test_user,1,egypt female genital mutilation,2025-01-10 20:59:49,"[67980376, 107753778, 86872665, 60760212, 134385557, 134967534, 37999337, 31315918, 140345626, 46676819]",c4f939e2f22588b5eec346c85093e549,"[('107753778', datetime.datetime(2025, 1, 10, 20, 59, 58), 'works')]"
5,test_user,1,egypt female genital mutilation,2025-01-10 21:00:13,"[67980376, 107753778, 86872665, 60760212, 134385557, 134967534, 37999337, 31315918, 140345626, 46676819]",76e0b9c62cd9ccb700b5cb9b880a1d2c,"[('67980376', datetime.datetime(2025, 1, 10, 21, 0, 18), 'works')]"
6,test_user,1,egypt cultural female genital mutilation,2025-01-10 21:00:39,"[107753778, 134385557, 134967534, 31315918, 15106563, 46676819, 45507658, 34140770, 62051567, 46753109]",22bd7b03a885cd28b07174db80d8c6e0,"[('134385557', datetime.datetime(2025, 1, 10, 21, 0, 47), 'works')]"
1,test_user,2,Understanding the lived experience of Social workers,2025-01-11 10:00:36,"[533719, 98845905, 7800088, 112600551, 63562550, 78811960, 135046537, 10538493, 109870451, 6794516]",c35967d7f703adf1e68ecef1819ce2e7,"[('533719', datetime.datetime(2025, 1, 11, 10, 0, 41), 'works')]"
2,test_user,2,Social workers,2025-01-11 10:02:52,"[131643058, 128466712, 125804130, 83610505, 34153079, 46211391, 15107074, 130444170, 36998225, 31417586]",da85c4ae92f18b99ebde04c68014d427,"[('131643058', datetime.datetime(2025, 1, 11, 10, 2, 56), 'works')]"
3,test_user,2,Trends 5 RRL understanding the lived experience of Social workers,2025-01-11 10:04:34,"[2789768, 8859266, 13919202, 40059135, 46228428, 17547043, 63563229, 38507914, 46227923, 8029611]",f98b9935ba190ec407f755e817ea4c02,"[('2789768', datetime.datetime(2025, 1, 11, 10, 4, 41), 'author')]"
4,test_user,2,Trends 5 RRL understanding the lived experience of Social workers,2025-01-11 10:04:47,"[2789768, 8859266, 13919202, 40059135, 46228428, 17547043, 63563229, 38507914, 46227923, 8029611]",7ec2af57ac6c6194ce2f118ffed91019,"[('2789768', datetime.datetime(2025, 1, 11, 10, 4, 49), 'works')]"
5,test_user,2,understanding the lived experience of Social workers,2025-01-11 10:05:20,"[533719, 98845905, 7800088, 112600551, 63562550, 78811960, 135046537, 10538493, 109870451, 6794516]",18f0485b1ca757dbe469e2a74805a536,"[('7800088', datetime.datetime(2025, 1, 11, 10, 5, 58), 'works')]"
1,test_user,3,FIFA regulations in head injuries,2025-01-14 10:21:35,"[8846179, 268120, 8681386, 16951734, 14175670, 8803698, 160748938, 159073706, 7766855, 4008641]",fb4d59906ae180fdc96de38536261d92,"[('8846179', datetime.datetime(2025, 1, 14, 10, 21, 43), 'works')]"
2,test_user,3,FIFA regulation in traumatic brain injuries,2025-01-14 10:23:01,"[41323053, 5491371, 149675670, 63093186, 106898527, 149930563, 16951734, 152909928]",0998b6ceae00f8d8da1e426be3628566,"[('106898527', datetime.datetime(2025, 1, 14, 10, 23, 19), 'works')]"
3,test_user,3,FIFA regulations for traumatic brain injuries,2025-01-14 10:24:25,"[8846179, 160704574, 16951734, 54814372, 84223606, 75217793, 59787955, 152909928, 8218903, 161326400]",248ca5308f665812f59471f347c5034f,"[('8846179', datetime.datetime(2025, 1, 14, 10, 24, 32), 'works')]"
4,test_user,3,FIFA regulations for traumatic brain injuries AND (yearPublished>=2019 AND yearPublished<=2024),2025-01-14 10:27:00,"[160704574, 161326400, 152909928, 16951734, 46868331, 8218903, 89846079, 155747250, 148852543, 46021682]",74a6acdb870ab369faf8b3dadbe9a9df,"[('160704574', datetime.datetime(2025, 1, 14, 10, 27, 13), 'works'), ('8218903', datetime.datetime(2025, 1, 14, 10, 27, 44), 'works')]"
1,test_user,4,on grade 11 students,2025-01-14 13:29:48,"[126638473, 86765648, 40688410, 37005901, 126594666, 2582040, 2910155, 47000145, 6828892, 126640108]",071bf38b56ece0dcaa3c8e0553af5a8d,"[('126638473', datetime.datetime(2025, 1, 14, 13, 29, 58), 'works')]"
2,test_user,4,Correlation between social media usage and academic performance of grade 9 students,2025-01-14 13:32:16,"[42967285, 52450967, 39078954, 62689617, 85800062, 123377703, 67794415, 8362713, 70308590]",856e60e3f9c5e59ae9bdc9b40e1c8982,"[('70308590', datetime.datetime(2025, 1, 14, 13, 32, 41), 'works'), ('70308590', datetime.datetime(2025, 1, 14, 13, 33, 45), 'works')]"
3,test_user,4,cyber threats social media,2025-01-14 13:33:30,"[157905786, 8216953, 8101795, 148422787, 154133201, 125268029, 107380930]",bde9362c82d9ec5f807108d6ff7bb929,"[('148422787', datetime.datetime(2025, 1, 14, 13, 33, 52), 'works')]"
4,test_user,4,the effect of using social media on academic performance of students,2025-01-14 13:33:53,"[70457154, 125808867, 88926934, 70301518, 70309482, 74895290, 70308377, 128335927, 131758609, 150664166]",427438e0071ca4b610de6b1d600a8830,"[('70457154', datetime.datetime(2025, 1, 14, 13, 34, 4), 'works')]"
1,test_user,5,"error analysis connected to paraphrasing AND language""en""",2025-01-15 00:41:45,"[58966199, 70352905, 132427013, 54153165, 26160737, 63287088]",5129e4ae57d0885568657953f32f89c8,"[('70352905', datetime.datetime(2025, 1, 15, 0, 41, 50), 'works')]"
2,test_user,5,error analysis ,2025-01-15 00:42:43,"[135982522, 43530239, 44671352, 136407812, 43534144, 24894086, 47002958, 24760766, 5345634]",92a664be40f06ff614e404103df14989,"[('135982522', datetime.datetime(2025, 1, 15, 0, 42, 49), 'works')]"
3,test_user,5,Error Analysis,2025-01-15 00:44:04,"[135982522, 43530239, 44671352, 136407812, 43534144, 24894086, 47002958, 24760766, 5345634]",a6336edf57e5254af54b182b04f49a35,"[('43530239', datetime.datetime(2025, 1, 15, 0, 44, 9), 'works')]"
4,test_user,5,Error Analysis AND (yearPublished>=2019 AND yearPublished<=2025),2025-01-15 00:44:40,"[135982522, 153789337, 42868783, 158744897, 123417721]",48b8c7f5aa427ca9ca681e44d783c980,"[('158744897', datetime.datetime(2025, 1, 15, 0, 44, 51), 'works')]"
5,test_user,5,Error correction and detection connected to paraphrasing   AND (yearPublished>=2019 AND yearPublished<=2025),2025-01-15 00:45:52,"[154663797, 8545284, 54706235, 149989521, 152034341]",39a56f3fb0e9f69b6014422ee229558f,"[('149989521', datetime.datetime(2025, 1, 15, 0, 46, 3), 'works')]"
1,test_user,6,online shopping app preference,2025-01-16 08:49:53,"[31294143, 80076204, 36993520, 37469216, 48382044]",e181c5b07ffc3d9f57a4aeb6dd448bf3,"[('31294143', datetime.datetime(2025, 1, 16, 8, 51, 47), 'works')]"
2,test_user,6,Online shopping,2025-01-16 08:52:14,"[36994113, 7497173, 346264, 347362, 12268573, 347064, 347020, 2951272, 347441]",7a1ec55d891fa6a0535f51a0b0866448,"[('2951272', datetime.datetime(2025, 1, 16, 8, 52, 49), 'works')]"
3,test_user,6,Preference about online shopping,2025-01-16 08:53:25,"[70354985, 10993745, 2755976, 150258248, 127204892, 127208014, 97847754, 112321453, 41663940]",45f64d5143ebf1803c5f5ab352b42ab7,"[('70354985', datetime.datetime(2025, 1, 16, 8, 53, 29), 'works')]"
4,test_user,6,Preference about online shopping,2025-01-16 08:54:03,"[70354985, 10993745, 2755976, 150258248, 127204892, 127208014, 97847754, 112321453, 41663940]",79b8c53c007f46228d487835c269b6af,"[('10993745', datetime.datetime(2025, 1, 16, 8, 54, 25), 'works')]"
5,test_user,6,online shopping,2025-01-16 08:55:05,"[36994113, 7497173, 346264, 347362, 12268573, 347064, 347020, 2951272, 347441]",1e295783eb5aa0c2b07253501cb372b8,"[('36994113', datetime.datetime(2025, 1, 16, 8, 55, 11), 'works')]"
6,test_user,6,online shopping,2025-01-16 08:55:46,"[36994113, 7497173, 346264, 347362, 12268573, 347064, 347020, 2951272, 347441]",d780d41e3bdeb0815b949e1bab71b058,"[('347362', datetime.datetime(2025, 1, 16, 8, 56, 24), 'works')]"
1,test_user,7,education major problems to ojt,2025-01-16 11:59:40,"[234513, 40110096, 2350572, 1225577, 2770198, 31303057, 2349422, 2350608, 36988813, 2350562]",dd7267539af340a06e6c04bcdbd2f3b2,"[('40110096', datetime.datetime(2025, 1, 16, 11, 59, 53), 'works')]"
2,test_user,7,education major undergraduate problems ,2025-01-16 12:00:18,"[15106096, 48124855, 8002784, 22466976, 45229422, 129009104, 153945310, 2349015, 135979783]",0ce0f8313edfa39bf3ca5a382b3c6945,"[('153945310', datetime.datetime(2025, 1, 16, 12, 0, 44), 'works')]"
3,test_user,7,english major in education undergraduate ,2025-01-16 12:01:34,"[27701344, 74237007, 131066893, 70336603, 99640155, 136412010, 11438403, 123140621, 51769483, 24249748]",d51b633e6ded3c08d6c860d997a82d6d,"[('74237007', datetime.datetime(2025, 1, 16, 12, 1, 45), 'works')]"
4,test_user,7,english major in education,2025-01-16 12:04:35,"[40136686, 70336603, 85462576, 81530694, 51331841, 74237007, 74101255, 44719834, 125189497]",5ffb179eb03a9bb604e6ca289d3af96b,"[('51331841', datetime.datetime(2025, 1, 16, 12, 5, 1), 'works'), ('51331841', datetime.datetime(2025, 1, 16, 12, 7, 50), 'works')]"
1,test_user,8,ramen noodles,2025-01-17 07:32:52,"[34241096, 9441401, 2625291, 51701004, 142555885, 9157792, 40096437, 158729255, 161406790]",832aeaa097dab1737ad25fc7f81fa34d,"[('34241096', datetime.datetime(2025, 1, 17, 7, 33, 9), 'works')]"
2,test_user,8,asian noodles thesis AND (yearPublished>=2014 AND yearPublished<=2025),2025-01-17 07:34:33,"[86038817, 159497828, 12260116, 46066718, 146346428, 7965506, 128056324, 62566790, 84844559, 132981214]",da1ae4f60320e5548b18be5c4e2e35a2,"[('12260116', datetime.datetime(2025, 1, 17, 7, 34, 55), 'works'), ('62566790', datetime.datetime(2025, 1, 17, 7, 35, 4), 'works')]"
3,test_user,8,asian noodles thesis AND (yearPublished>=1994.7364341085272 AND yearPublished<=2025),2025-01-17 07:35:28,"[47581542, 86038817, 159497828, 24998478, 10465494, 12260116, 2321360, 46066718, 146346428]",5de4bef83c8ba6114976a3722754deae,"[('47581542', datetime.datetime(2025, 1, 17, 7, 35, 34), 'works')]"
4,test_user,8,wet noodles,2025-01-17 07:35:49,"[153808352, 48103840, 148954361, 44976356, 129325578, 128801949, 148416004, 24998417, 150249688, 132316765]",d955bfa2113d24d71f2b9d9b97e339fd,"[('153808352', datetime.datetime(2025, 1, 17, 7, 35, 58), 'works'), ('48103840', datetime.datetime(2025, 1, 17, 7, 36, 1), 'works'), ('44976356', datetime.datetime(2025, 1, 17, 7, 36, 8), 'works')]"
1,test_user,9,quirimbas Islands submarine,2025-01-17 10:52:40,"[20544852, 5314134, 11565359, 37992988, 8548049, 156629754, 7948226, 131197995, 8960530]",c73dab6d01692ab5eb38c30955b251fb,"[('156629754', datetime.datetime(2025, 1, 17, 10, 59, 55), 'works'), ('20544852', datetime.datetime(2025, 1, 17, 10, 59, 58), 'works'), ('5314134', datetime.datetime(2025, 1, 17, 11, 1, 29), 'works'), ('131197995', datetime.datetime(2025, 1, 17, 11, 3, 11), 'works')]"
2,test_user,9,quirimbas Islands maritime,2025-01-17 10:52:44,"[37994591, 5314134, 20544852, 8764294, 37993684, 8596390, 11565359, 15122135, 37992988, 8601112]",4fc0010053ce4c398b63195c46d57e37,"[('8601112', datetime.datetime(2025, 1, 17, 10, 57, 49), 'works'), ('8764294', datetime.datetime(2025, 1, 17, 10, 57, 53), 'works'), ('5314134', datetime.datetime(2025, 1, 17, 10, 57, 55), 'works'), ('37993684', datetime.datetime(2025, 1, 17, 10, 58, 2), 'works'), ('15122135', datetime.datetime(2025, 1, 17, 10, 58, 10), 'works'), ('37994591', datetime.datetime(2025, 1, 17, 10, 58, 17), 'works'), ('20544852', datetime.datetime(2025, 1, 17, 11, 1, 4), 'works')]"
3,test_user,9,quirimbas Islands port,2025-01-17 10:52:48,"[20544852, 85797060, 37994591, 37992988, 8601112, 155032913, 37993684, 13973680, 11565359]",57986bfef8e4cd152683f3063cd2dfdb,"[('8601112', datetime.datetime(2025, 1, 17, 10, 57, 46), 'works'), ('155032913', datetime.datetime(2025, 1, 17, 10, 57, 51), 'works'), ('37994591', datetime.datetime(2025, 1, 17, 10, 58, 19), 'works'), ('37993684', datetime.datetime(2025, 1, 17, 10, 58, 34), 'works'), ('20544852', datetime.datetime(2025, 1, 17, 10, 58, 36), 'works')]"
4,test_user,9,Cabo Delgado port,2025-01-17 10:57:35,"[2516284, 158245188, 2656216, 77515902, 2742069, 160240673, 158895903, 155152930, 2731973, 125203665]",e41753d840ffcc66cde637f30504ae92,"[('158895903', datetime.datetime(2025, 1, 17, 10, 58, 51), 'works'), ('125203665', datetime.datetime(2025, 1, 17, 11, 1, 10), 'works'), ('160240673', datetime.datetime(2025, 1, 17, 11, 3, 15), 'works'), ('125203665', datetime.datetime(2025, 1, 17, 11, 3, 25), 'author')]"
1,test_user,10,Silence as default expression,2025-01-17 10:55:47,"[127394388, 36655534, 90809072, 314768, 8859803, 63045631, 9211719, 34155333]",07d3d5dccc987847d2aa47fc18b14fb0,"[('90809072', datetime.datetime(2025, 1, 17, 10, 55, 58), 'works')]"
2,test_user,10,euphemism and silence,2025-01-17 10:56:59,"[41653521, 123848495, 90809072, 48204218, 46358771, 33907161, 40911945, 85384639, 11590410, 143313397]",25182b73c5daff1b59ec66e385574067,"[('48204218', datetime.datetime(2025, 1, 17, 10, 57, 22), 'works')]"
3,test_user,10,euphemism and silence in romantic relationship ,2025-01-17 10:57:59,"[48216566, 54999357, 87095424, 26559048, 8135707, 27697637, 33109908, 13918506, 18977246]",5afb4cb5121bf364af0e6db06a8d1d30,"[('54999357', datetime.datetime(2025, 1, 17, 10, 58, 14), 'works'), ('54999357', datetime.datetime(2025, 1, 17, 10, 58, 44), 'works')]"
4,test_user,10,Silence and finding a voice to express oneself in relationships ,2025-01-17 10:59:21,"[31305989, 46302689, 156809191, 129033592, 160679205, 46355104, 41635648, 63031260, 2716249, 4522379]",744a62b0469ca5e6fa2574c73b917df9,"[('63031260', datetime.datetime(2025, 1, 17, 11, 0, 2), 'works'), ('63031260', datetime.datetime(2025, 1, 17, 11, 0, 6), 'works'), ('63031260', datetime.datetime(2025, 1, 17, 11, 0, 7), 'works'), ('63031260', datetime.datetime(2025, 1, 17, 11, 0, 7), 'works')]"
1,test_user,11,factors influencing when choosing a track for shs,2025-01-18 13:15:13,"[160926274, 122524399, 2035537, 160239583, 133722277, 97961489, 149933881, 127381738, 150351884, 137856999]",8c8713b38dbc4ce82655086e2d761a68,"[('160926274', datetime.datetime(2025, 1, 18, 13, 15, 28), 'works'), ('160926274', datetime.datetime(2025, 1, 18, 13, 15, 35), 'works'), ('160926274', datetime.datetime(2025, 1, 18, 13, 15, 40), 'works')]"
2,test_user,11,senior high school track,2025-01-18 13:17:28,"[69925468, 133006840, 126664155, 160926274, 43518345, 49427638, 149579371, 126856187, 70312761, 68097525]",cf83923eef67412d38da3d6eddcb400c,"[('68097525', datetime.datetime(2025, 1, 18, 13, 18, 3), 'works'), ('68097525', datetime.datetime(2025, 1, 18, 13, 18, 43), 'works')]"
3,test_user,11,Research design about the effects of sleep quality on academic performance in senior high school students ,2025-01-18 13:17:44,"[1154312, 19213025, 85776755, 46100, 26704036, 46817, 79235764, 31419914, 18933177, 23002049]",6130c333f56adebf03f7e08bc30c0932,"[('46100', datetime.datetime(2025, 1, 18, 13, 18), 'works'), ('46100', datetime.datetime(2025, 1, 18, 13, 18, 7), 'works'), ('46100', datetime.datetime(2025, 1, 18, 13, 18, 8), 'works')]"
4,test_user,11,Senior High School Students Preferences for Practicality Over Passion in College Course Selection,2025-01-18 13:18:37,"[31422288, 85869113, 151818548, 155110096, 122958426, 63558859, 86771548, 49697349, 15069047, 134798873]",49f65f30339b5d1d3b9e61aa7b823da7,"[('31422288', datetime.datetime(2025, 1, 18, 13, 18, 43), 'works')]"
5,test_user,11,senior high school track,2025-01-18 13:18:51,"[98793935, 71288863, 102649617, 27667174, 127381738, 63153415, 36983363, 70741091, 120147585, 64821626]",f4583ee66a13cb2a0ada9b1b4ccfef74,"[('71288863', datetime.datetime(2025, 1, 18, 13, 19, 7), 'works'), ('71288863', datetime.datetime(2025, 1, 18, 13, 19, 29), 'works')]"
6,test_user,11,Senior High School Students Preferences for Practicality Over Passion in College Course Selection,2025-01-18 13:19:02,"[31422288, 85869113, 151818548, 155110096, 122958426, 63558859, 86771548, 49697349, 15069047, 134798873]",c8627178ca08b8ae0c2ea05fd3d1c3b4,"[('15069047', datetime.datetime(2025, 1, 18, 13, 19, 27), 'works'), ('15069047', datetime.datetime(2025, 1, 18, 13, 19, 28), 'works'), ('15069047', datetime.datetime(2025, 1, 18, 13, 27, 48), 'works'), ('15069047', datetime.datetime(2025, 1, 18, 13, 28, 42), 'works')]"
1,test_user,12,activity tracking subtask,2025-01-20 22:48:48,"[267920, 17222406, 24866805, 24871541, 24893767, 764795, 24870728, 41410986, 216495]",3c04b09e2d78a3adc70a2b66aaaf42fb,"[('24866805', datetime.datetime(2025, 1, 20, 22, 48, 54), 'works'), ('24871541', datetime.datetime(2025, 1, 20, 22, 48, 57), 'works'), ('24870728', datetime.datetime(2025, 1, 20, 22, 49, 1), 'works'), ('24870728', datetime.datetime(2025, 1, 20, 22, 59, 18), 'works')]"
2,test_user,12,activity tracking subtask,2025-01-20 22:49:07,"[4864190, 24912929, 24874894, 24906911, 45152529, 18499251, 86282985, 24882196, 44995853, 24914032]",779b42c2f8babb79fcdbc7caad4e2984,"[('24874894', datetime.datetime(2025, 1, 20, 22, 49, 11), 'works'), ('4864190', datetime.datetime(2025, 1, 20, 22, 49, 14), 'works')]"
3,test_user,12,activity tracking subtask AND (yearPublished>=2021 AND yearPublished<=2025),2025-01-20 22:49:25,"[146172842, 159755476, 158230216, 18758778, 125807173, 150198315, 161884857, 135759631, 126725847, 163319022]",2173ad6c7a8b95d29f34a657143b2d2b,"[('126725847', datetime.datetime(2025, 1, 20, 22, 49, 37), 'works')]"
4,test_user,12,activity tracking subtask AND (yearPublished>=2018 AND yearPublished<=2035),2025-01-20 22:49:44,"[146172842, 159755476, 129147893, 158230216, 8201661, 37149555]",65a81434ed0d261edb8ace75a6b32470,"[('37149555', datetime.datetime(2025, 1, 20, 22, 49, 51), 'works')]"
5,test_user,12,activity tracking subtask AND (yearPublished>=2018 AND yearPublished<=2035),2025-01-20 22:50:02,"[16179744, 135759631, 126725847, 163319022, 99035331, 153357463, 132135260, 18675678, 150165228, 125038684]",46a71c22a76b5f512ec56285bcfad57f,"[('153357463', datetime.datetime(2025, 1, 20, 22, 50, 10), 'works')]"
6,test_user,12,activity tracking subtask stop AND (yearPublished>=2018 AND yearPublished<=2035),2025-01-20 22:50:39,"[153357463, 158230216, 161884857, 109450307, 18758778, 16179744, 149382128, 150165228]",8f1beb148e994546f3de707b5dae2f83,"[('149382128', datetime.datetime(2025, 1, 20, 22, 50, 44), 'works'), ('16179744', datetime.datetime(2025, 1, 20, 22, 50, 48), 'works')]"
7,test_user,12,activity tracking distraction stop AND (yearPublished>=2018 AND yearPublished<=2035),2025-01-20 22:52:13,"[137370437, 8342969, 162396016, 8216914, 160673718, 156695100, 128989132, 145838169, 164352706]",7209b66e0e3d80a6236990f6812cd44e,"[('8216914', datetime.datetime(2025, 1, 20, 22, 52, 19), 'works')]"
1,test_user,13,Analytical skilss definition of terms,2025-01-21 00:37:52,"[107337068, 17938088, 123006495, 57067959, 140915691, 7772727, 22472218, 148988923, 58096414, 9575394]",0ded22615818a0a4b91782b653ee568e,"[('107337068', datetime.datetime(2025, 1, 21, 0, 38, 11), 'works'), ('107337068', datetime.datetime(2025, 1, 21, 0, 38, 27), 'works'), ('107337068', datetime.datetime(2025, 1, 21, 0, 38, 39), 'works'), ('107337068', datetime.datetime(2025, 1, 21, 0, 38, 39), 'works')]"
2,test_user,13,Socioeconomic definition ,2025-01-21 00:38:00,"[2541022, 2629236, 17490480, 233858, 67763102, 41657379, 10903016, 2866747, 2543484, 138248956]",418119a4808dfe73c3e4f786d74d836f,"[('17490480', datetime.datetime(2025, 1, 21, 0, 38, 12), 'works'), ('17490480', datetime.datetime(2025, 1, 21, 0, 38, 19), 'works')]"
3,test_user,13,economical entity definition,2025-01-21 00:41:41,"[2694424, 8865650, 14148812, 62545729, 64627476, 74257137]",89112b40bb4cb025edffdb790a7e0dbb,"[('2694424', datetime.datetime(2025, 1, 21, 0, 41, 58), 'works'), ('8865650', datetime.datetime(2025, 1, 21, 0, 42, 41), 'author'), ('8865650', datetime.datetime(2025, 1, 21, 0, 42, 58), 'author'), ('8865650', datetime.datetime(2025, 1, 21, 0, 43, 1), 'author'), ('8865650', datetime.datetime(2025, 1, 21, 0, 43, 2), 'works')]"
4,test_user,13, preferen in definition of terms,2025-01-21 00:41:43,"[31247995, 78138597, 8861650, 2571358, 1126259, 58950901]",359bda4b8901b11bf37173069342e658,"[('31247995', datetime.datetime(2025, 1, 21, 0, 41, 59), 'works'), ('31247995', datetime.datetime(2025, 1, 21, 0, 42, 7), 'works'), ('31247995', datetime.datetime(2025, 1, 21, 0, 42, 10), 'works'), ('31247995', datetime.datetime(2025, 1, 21, 0, 42, 27), 'works'), ('31247995', datetime.datetime(2025, 1, 21, 0, 42, 51), 'works')]"
1,test_user,14,liminal time god encounter,2025-01-21 11:23:18,"[63010465, 40373358, 44542942, 46208543, 150453723, 62528731, 8035016, 8984874, 155461255, 41653554]",e062286e6c3ad2706b854a03e542ffad,"[('63010465', datetime.datetime(2025, 1, 21, 11, 23, 22), 'works'), ('8035016', datetime.datetime(2025, 1, 21, 11, 23, 37), 'author')]"
2,test_user,14,liminal time god encounter connection,2025-01-21 11:24:20,"[50789373, 78792810, 33883126, 10282697, 8035016, 161527143, 162189367, 40320053, 312656, 126430111]",7231dcd6d955be313f89fddde9f41bde,"[('161527143', datetime.datetime(2025, 1, 21, 11, 24, 39), 'works')]"
3,test_user,14,liminal time god encounter connection theology,2025-01-21 11:25:09,"[77729942, 161527143, 61641293, 46208543, 46360040, 40386172, 40377244, 46754024, 155461255, 8548119]",18947eecab6b1d947a857e3a4c264fb2,"[('40386172', datetime.datetime(2025, 1, 21, 11, 25, 23), 'works')]"
4,test_user,14,liminal time god encounter connection theology mystic,2025-01-21 11:25:39,"[61641293, 80059604, 40386172, 142563115, 153695397, 19031323, 69332859, 157906368, 67193997, 9115177]",9215cee115c55266da580d5ea3ca6567,"[('80059604', datetime.datetime(2025, 1, 21, 11, 25, 47), 'works')]"
1,test_user,15,Student misbehavior,2025-01-22 01:33:48,"[146589400, 87327410, 70311622, 33149330, 21969037, 63370359, 74224192, 160830640]",db7a32f08fb405cba9509ad22dafb790,"[('70311622', datetime.datetime(2025, 1, 22, 1, 34, 8), 'works'), ('70311622', datetime.datetime(2025, 1, 22, 1, 34, 13), 'works'), ('70311622', datetime.datetime(2025, 1, 22, 1, 34, 14), 'works'), ('70311622', datetime.datetime(2025, 1, 22, 1, 34, 15), 'works')]"
2,test_user,15,Exploring Mental Health Related Activities Addressing Misbehavior of Students,2025-01-22 01:34:36,"[77743321, 77569732, 62671203, 107718138, 37002869, 162214930, 37002734, 37002826, 78257327, 127304751]",666ef0cc31c452f2cd45b82d57884038,"[('77569732', datetime.datetime(2025, 1, 22, 1, 35, 13), 'works'), ('77569732', datetime.datetime(2025, 1, 22, 1, 44, 59), 'works')]"
3,test_user,15,Student misbehavior in the Philippines ,2025-01-22 01:36:02,"[13991484, 13976382, 147702348, 156583009, 2348996, 150374993, 13975396, 11440457, 74695519, 34146418]",a30ca2adca71787c161791e98f69878e,"[('13991484', datetime.datetime(2025, 1, 22, 1, 36, 6), 'works'), ('13991484', datetime.datetime(2025, 1, 22, 1, 36, 13), 'works'), ('13991484', datetime.datetime(2025, 1, 22, 1, 36, 14), 'works')]"
4,test_user,15,exploring mental health related activities addressing misbehavior of students global research,2025-01-22 01:38:12,"[77743321, 77569732, 62671203, 162214930, 157923908, 127304751, 41649490, 37996770, 9086377, 67165227]",64d1034e088a851fec70e514f6069817,"[('127304751', datetime.datetime(2025, 1, 22, 1, 38, 40), 'works')]"
1,test_user,16,boys love series in thailand (qualities),2025-01-22 14:37:13,"[135466367, 160392074, 45201451, 5239020, 129976234, 12283725, 149551139, 18868777, 77995710]",137a502cb75c781b8cc53ebfc7b99aa7,"[('135466367', datetime.datetime(2025, 1, 22, 14, 37, 40), 'works'), ('160392074', datetime.datetime(2025, 1, 22, 14, 38, 1), 'works'), ('160392074', datetime.datetime(2025, 1, 22, 14, 42, 15), 'works')]"
2,test_user,16,characteristics of boys love series in thailand,2025-01-22 14:38:58,"[233124, 149596363, 160392074, 135466367, 2497967, 26246973, 23052745, 161369270]",1c17f59d896fde26424d7b06ec631f96,"[('135466367', datetime.datetime(2025, 1, 22, 14, 39, 20), 'works'), ('135466367', datetime.datetime(2025, 1, 22, 14, 40), 'works')]"
3,test_user,16,Boys love series in thailand,2025-01-22 14:39:44,"[83477054, 132393980, 149596363, 233124, 154740791, 127812433, 160392074, 144269726, 9451487, 9451502]",77cf229ee8fad3fa2bddb425490c1349,"[('83477054', datetime.datetime(2025, 1, 22, 14, 40, 3), 'works')]"
4,test_user,16,boys love characteristics in thailand,2025-01-22 14:41:13,"[2265996, 233124, 228813, 2265676, 135466367, 149596363, 253234, 160392074, 9436292]",4b0885c1b1a2e2b58938eda1c4df860d,"[('160392074', datetime.datetime(2025, 1, 22, 14, 41, 47), 'works')]"
1,test_user,17,Student Information Management System,2025-01-23 08:03:17,"[25346646, 71185637, 43489048, 11319160, 43490127, 48083693, 82744941, 136047750, 122228181, 43489030]",235b4c5e40db33df113eabed2f2eb9c7,"[('43490127', datetime.datetime(2025, 1, 23, 8, 3, 30), 'works'), ('43490127', datetime.datetime(2025, 1, 23, 8, 3, 56), 'works')]"
2,test_user,17,Information Management System,2025-01-23 08:05:56,"[9835080, 142513125, 4471027, 4469332, 24918412, 24877287, 25853974, 24925377]",bb6c9252e046d3b20e546f577ee6595d,"[('142513125', datetime.datetime(2025, 1, 23, 8, 6, 8), 'works'), ('142513125', datetime.datetime(2025, 1, 23, 8, 7, 10), 'works')]"
3,test_user,17,information system,2025-01-23 08:07:44,"[155493292, 129358195, 126911125, 126913593, 126917377, 126917392, 126917727, 129355675, 129357582, 129357594]",b8eb80028d72ad04714ae71c3ebefa02,"[('155493292', datetime.datetime(2025, 1, 23, 8, 7, 47), 'author'), ('155493292', datetime.datetime(2025, 1, 23, 8, 8, 6), 'author'), ('155493292', datetime.datetime(2025, 1, 23, 8, 8, 18), 'author'), ('155493292', datetime.datetime(2025, 1, 23, 8, 8, 50), 'author')]"
4,test_user,17,Information gathering system,2025-01-23 08:08:18,"[4466983, 707863, 27392964, 21219730, 548115, 24874277, 33095683, 24875449, 2570327]",df284d669fd3217bc94e2473880f29aa,"[('4466983', datetime.datetime(2025, 1, 23, 8, 8, 23), 'works'), ('4466983', datetime.datetime(2025, 1, 23, 8, 8, 44), 'works')]"
1,test_user,18,SMEs of financial risks during economic challenges 2020-2024 international study,2025-01-23 09:29:56,"[160776107, 159797188, 160435740, 160948504, 160027017, 160435698, 160722339, 160732069, 158102506, 158106936]",84c96011b0221056ab9883eaaf882312,"[('160435740', datetime.datetime(2025, 1, 23, 9, 30, 48), 'works')]"
2,test_user,18,SMEs of financial risks during economic challenges and financial strategies 2020-2024 international study,2025-01-23 09:33:22,"[160776107, 160435740, 160027017, 160435698, 159797188, 160722339, 158106936, 158102506, 160435782, 160732069]",6be4f2c6db452069a006abde8c9258ca,"[('159797188', datetime.datetime(2025, 1, 23, 9, 37, 54), 'works')]"
3,test_user,18,Financial risk in Thailand during economic challenges in 2020-2024,2025-01-23 09:35:12,"[160711296, 156087312, 160768970, 158230524, 160916764, 160668443, 160648858, 157785659, 160650819, 158143844]",e05f5f916d4b3a285525354a17775d06,"[('160711296', datetime.datetime(2025, 1, 23, 9, 35, 27), 'works')]"
4,test_user,18,Financial risk during economic changes in the Philippines,2025-01-23 09:35:28,"[345017, 7318716, 3146800, 2627765, 19217258, 2541217, 8017036, 6088994, 2603027, 2541157]",a154647d9d58d24053e7d6808861bcbf,"[('345017', datetime.datetime(2025, 1, 23, 9, 36, 6), 'works'), ('345017', datetime.datetime(2025, 1, 23, 9, 49, 43), 'works')]"
1,test_user,19,research about recycled food waste,2025-01-23 10:43:11,"[213176, 12367041, 12368562, 8680876, 348015, 213644, 39946523, 139626717, 6788911, 4611782]",1470e105f572dac8de652de3c46b9bed,"[('213644', datetime.datetime(2025, 1, 23, 10, 43, 42), 'works'), ('213644', datetime.datetime(2025, 1, 23, 10, 43, 50), 'works'), ('213644', datetime.datetime(2025, 1, 23, 10, 43, 52), 'works')]"
2,test_user,19,research about food waste,2025-01-23 10:44:14,"[126637158, 98778870, 108430780, 157830770, 150819781, 132921786, 11585830, 108417883, 68968128]",a98d2f9b5b6f05011876d6ac0c6686a2,"[('126637158', datetime.datetime(2025, 1, 23, 10, 44, 20), 'author'), ('126637158', datetime.datetime(2025, 1, 23, 10, 44, 26), 'author'), ('126637158', datetime.datetime(2025, 1, 23, 10, 44, 28), 'author')]"
3,test_user,19,research about food waste in Philippines ,2025-01-23 10:45:12,"[2552946, 12805091, 36986764, 2452294, 3015375, 2615176, 2632017, 42937172, 2351255]",809ee50f58c48f1809d64760a48dbc31,"[('2452294', datetime.datetime(2025, 1, 23, 10, 45, 37), 'works'), ('2452294', datetime.datetime(2025, 1, 23, 10, 45, 43), 'works')]"
4,test_user,19,research about recycled food waste or pagpag in Philippines ,2025-01-23 10:47:30,[126813049],b5eacc983cb8c76e23fae63b30650cef,"[('126813049', datetime.datetime(2025, 1, 23, 10, 47, 36), 'works'), ('126813049', datetime.datetime(2025, 1, 23, 10, 47, 53), 'works'), ('126813049', datetime.datetime(2025, 1, 23, 10, 48, 7), 'works')]"
1,test_user,20,Badjao survival ,2025-01-23 16:15:19,"[137808894, 150470190, 129588990, 20015890, 19176077, 137372662, 158110289, 154501206, 1194504, 64955625]",dc842b2d3a06ec81a9235a0bc3980df8,"[('137808894', datetime.datetime(2025, 1, 23, 16, 15, 26), 'works')]"
2,test_user,20,Badjao survival strategies ,2025-01-23 16:16:04,"[137808894, 129588990, 137372662, 1194504, 84789022, 152872427, 2081486, 71820612, 161857966, 138841348]",928cc5675ddebbf0ccdace2d1c601d45,"[('152872427', datetime.datetime(2025, 1, 23, 16, 16, 27), 'works')]"
3,test_user,20,Badjao migrant,2025-01-23 16:17:34,"[59065957, 137372662, 158315301, 158110707, 137808894, 163025822, 66881928, 48103148, 158108068, 9438498]",187b5d487b9acb1aa436a2fb09ff76a6,"[('163025822', datetime.datetime(2025, 1, 23, 16, 17, 58), 'works')]"
4,test_user,20,Identity of badjao',2025-01-23 16:18:38,"[69389316, 150470190, 89680036, 137808894, 59065957, 137372662, 158111136, 137604399, 19212263, 1194504]",a9338edf5c34ac61e2147bbe386b6ccf,"[('137604399', datetime.datetime(2025, 1, 23, 16, 19, 6), 'works')]"
1,test_user,21,the impact of social media on students learning,2025-01-24 10:50:55,"[150664343, 67508242, 150240085, 160926574, 150562221, 143390131, 81537299, 148204601, 152551077]",b9643bc526ecca0fff39b10f98c461d7,"[('150664343', datetime.datetime(2025, 1, 24, 10, 51, 4), 'works')]"
2,test_user,21,machine learning ,2025-01-24 10:51:04,"[8863687, 8848131, 8057040, 8856575, 51388436, 156033203]",14dacdab93bc5c02e0b8bd146cdeed9c,"[('8057040', datetime.datetime(2025, 1, 24, 10, 51, 25), 'works'), ('8057040', datetime.datetime(2025, 1, 24, 10, 51, 31), 'works'), ('8057040', datetime.datetime(2025, 1, 24, 10, 51, 39), 'works')]"
3,test_user,21,the impact of social media on students learning,2025-01-24 10:51:09,"[150664343, 67508242, 150240085, 160926574, 150562221, 143390131, 81537299, 148204601, 152551077]",3335b8941a9a39acda18fb83b356df63,"[('67508242', datetime.datetime(2025, 1, 24, 10, 51, 12), 'works'), ('67508242', datetime.datetime(2025, 1, 24, 10, 51, 54), 'works'), ('67508242', datetime.datetime(2025, 1, 24, 10, 52, 12), 'works')]"
4,test_user,21,the impact of social media on students learning,2025-01-24 10:52:24,"[150664343, 67508242, 150240085, 160926574, 150562221, 143390131, 81537299, 148204601, 152551077]",1108494e6ef0f411602336f317e681e4,"[('160926574', datetime.datetime(2025, 1, 24, 10, 52, 30), 'works')]"
5,test_user,21,social anxiety,2025-01-24 10:52:48,"[41659597, 71500189, 78116673, 11606543, 86649354, 24708011, 86649316, 214642, 345161, 38142268]",0b2052c68ea4b8249b8ecd7904996a3e,"[('11606543', datetime.datetime(2025, 1, 24, 10, 53, 6), 'works'), ('11606543', datetime.datetime(2025, 1, 24, 10, 55, 43), 'works')]"
6,test_user,21,the impact of social media on students learning,2025-01-24 10:53:03,"[150664343, 67508242, 150240085, 160926574, 150562221, 143390131, 81537299, 148204601, 152551077]",f2da7319beafde78d9fa79ed3d8adda6,"[('148204601', datetime.datetime(2025, 1, 24, 10, 53, 20), 'works')]"
7,test_user,21,the impact of social media on students learning,2025-01-24 10:53:43,"[136986969, 123447901, 11438725, 53975468, 129008344, 159443408, 141749312, 160815330, 70321432]",ff441167c5e87b8da4c9a9a7dcb81375,"[('11438725', datetime.datetime(2025, 1, 24, 10, 53, 48), 'works')]"
8,test_user,21,The impact of social media on students learning,2025-01-24 10:55:56,"[158040466, 82242122, 8386746, 126837189, 140741058, 126660487, 36998851, 143256441, 45627006]",0717f77b4bbbfeb96de2241f9a492a66,"[('158040466', datetime.datetime(2025, 1, 24, 10, 56, 6), 'works')]"
1,test_user,22,financial literacy,2025-01-25 01:45:39,"[8035812, 6101800, 6088968, 107731070, 123848779, 15109830, 39546796, 7157379, 78288938, 2500775]",b8922134419160b0168e0e63ef795849,"[('107731070', datetime.datetime(2025, 1, 25, 1, 45, 48), 'works')]"
2,test_user,22,financial education 2015,2025-01-25 01:47:07,"[7646569, 87153623, 37479126, 13059231, 69396217, 37994657, 40559812, 128497437, 8043304, 18824949]",edcb08094f651f6af8517cecb157871b,"[('87153623', datetime.datetime(2025, 1, 25, 1, 47, 17), 'works'), ('87153623', datetime.datetime(2025, 1, 25, 1, 47, 18), 'works'), ('87153623', datetime.datetime(2025, 1, 25, 1, 48, 51), 'works')]"
3,test_user,22,financial literacy 2015,2025-01-25 01:49:12,"[87153623, 83696066, 29095817, 40383529, 69396217, 40560982, 10992149, 150384497, 10995101, 71905171]",f4bdb5762fc86364389f49b827d64b3d,"[('87153623', datetime.datetime(2025, 1, 25, 1, 49, 23), 'works')]"
4,test_user,22,financial literacy 2015,2025-01-25 01:49:30,"[87153623, 83696066, 29095817, 40383529, 69396217, 40560982, 10992149, 150384497, 10995101, 71905171]",6804b67a0424cc4a16a970b001138375,"[('83696066', datetime.datetime(2025, 1, 25, 1, 49, 32), 'works')]"
5,test_user,22,financial literacy of students 2020,2025-01-25 01:50:16,"[11466682, 143280373, 129184934, 160669334, 160948003, 158155582, 129016742, 126761849, 152521830, 150238117]",3800266a20ed7f02d102dfec352b91ac,"[('11466682', datetime.datetime(2025, 1, 25, 1, 50, 23), 'works')]"
1,test_user,23,the life experience of balut vendors,2025-01-25 12:19:31,"[2570445, 127896969, 148759855, 130730895, 127896817, 10871277, 24846373, 149742983, 130733133, 2632993]",8c7dfbe3843148caa4e8c1b4e724374a,"[('2570445', datetime.datetime(2025, 1, 25, 12, 19, 49), 'works')]"
2,test_user,23,the life  of balut vendors in Philippines ,2025-01-25 12:21:46,"[2570445, 10871277, 149742983, 2632993, 28493682, 158315181, 75081277, 2350965, 4631288, 8548650]",4e46ec406321a0df434956a7177a9c7b,"[('2570445', datetime.datetime(2025, 1, 25, 12, 22, 5), 'works'), ('2570445', datetime.datetime(2025, 1, 25, 12, 22, 45), 'works')]"
3,test_user,23,balut,2025-01-25 12:23:14,"[2570445, 132835955, 5243615, 122811718, 83374724, 24920813, 107218473, 18523174, 156552242, 3908451]",fa5b6f5d75e489284323acbb14d44d0f,"[('2570445', datetime.datetime(2025, 1, 25, 12, 23, 24), 'works')]"
4,test_user,23,balut vendors,2025-01-25 12:23:54,"[2570445, 127896969, 148759855, 18984182, 130730895, 127896817, 10871277, 28493682, 85012845, 24846373]",fda1f5e336cbb881a445d51c6b96a1ee,"[('127896969', datetime.datetime(2025, 1, 25, 12, 23, 59), 'works')]"
1,test_user,24,Deconstructing heteronormativity in the EFL classroom,2025-01-26 01:05:38,"[10320271, 8863706, 45995220, 62681598, 145604815, 129773937, 129471128, 160825423, 67245496, 36369348]",4eeda3a8d7a6d2239aceaed3883250e8,[]
2,test_user,24,Social justice and racial discrimination understandings in the EFL classroom through the implementation of a project-based didactic unit,2025-01-26 01:06:24,"[157891377, 81094617, 4388354, 46240548, 18994412, 122895597, 62681598, 152872507, 160477797, 139960873]",21f604f9ff66083c70be1d3f7778d26a,[]
3,test_user,24,Interaction with comprehensible input and its impact on fourth gradersâ€™ critical thinking in the EFL classroom,2025-01-26 01:08:03,"[150784954, 46766979, 46771152, 148790558, 68526519, 8549178, 10653280, 85691347, 45503860, 148155438]",5ddabe4a71ce47c39d7052e4063cbe04,[]
4,test_user,24,Using educational issues workshops as a pedagogical strategy to explore the argumentative competence in the EFL classroom,2025-01-26 01:08:04,"[10322179, 150409027, 70416848, 152348515, 84572709, 51884816, 162017728, 77811628, 155199756, 121299638]",04e97afd8b225c898227130e9a02cafe,[]
1,test_user,25,Procrastination related Review Literature  AND (yearPublished>=2015 AND yearPublished<=2025),2025-01-26 06:09:08,"[122449104, 10989505, 71854808, 9087978, 37974377, 17809142, 15035207, 158140850, 8415810, 132736622]",de546f4d85c59dd7f527dc0269b4b827,"[('132736622', datetime.datetime(2025, 1, 26, 6, 9, 27), 'works')]"
2,test_user,25,A phenomenological Procrastination among students ,2025-01-26 06:09:58,"[18663790, 149033627, 157125558, 148976041, 150350001, 69230343, 153464965, 41649071, 63359792]",eebea44faf52d8cd157f39cf01622656,"[('18663790', datetime.datetime(2025, 1, 26, 6, 10, 6), 'works')]"
3,test_user,25,Procrastination ,2025-01-26 06:10:55,"[37974377, 2575806, 46723249, 8220084, 4229136, 4230015, 2667420, 2449951, 50061023, 2528735]",55251195fef4c5612132aa636c99816f,"[('37974377', datetime.datetime(2025, 1, 26, 6, 11, 22), 'works'), ('37974377', datetime.datetime(2025, 1, 26, 6, 11, 26), 'works'), ('37974377', datetime.datetime(2025, 1, 26, 6, 11, 33), 'works')]"
4,test_user,25,Related Review Literature procrastination ,2025-01-26 06:12:34,"[122449104, 41320444, 21235378, 37974377, 67795348, 46723249, 127224202, 8028183, 2667420]",6f49cb80e43b91375029c4e235a11a21,"[('46723249', datetime.datetime(2025, 1, 26, 6, 12, 58), 'works'), ('46723249', datetime.datetime(2025, 1, 26, 6, 13, 5), 'works')]"
1,test_user,26,school sports literature review ,2025-01-26 08:13:48,"[146692731, 126360720, 154028972, 69797318, 66849211, 127697598, 107271180, 2035632, 86763120, 153566850]",620bdc5fbbaf4f613780d679704baa2f,"[('153566850', datetime.datetime(2025, 1, 26, 8, 14, 7), 'works'), ('153566850', datetime.datetime(2025, 1, 26, 8, 14, 24), 'works')]"
2,test_user,26,Negative Effects of school sports,2025-01-26 08:14:59,"[122399013, 62851247, 69374869, 46886133, 86763120, 160923165, 162018478, 3017370, 14385326, 123390712]",22fd38033005a2deacbeb14bad5307b8,"[('122399013', datetime.datetime(2025, 1, 26, 8, 15, 24), 'works'), ('122399013', datetime.datetime(2025, 1, 26, 8, 15, 35), 'works'), ('122399013', datetime.datetime(2025, 1, 26, 8, 15, 39), 'works'), ('122399013', datetime.datetime(2025, 1, 26, 8, 15, 41), 'works'), ('122399013', datetime.datetime(2025, 1, 26, 8, 15, 43), 'works')]"
3,test_user,26,school sports literature review,2025-01-26 08:15:35,"[134936298, 160774218, 132706966, 120097631, 68432709, 9089148, 70307482, 143697456, 57172245, 37490493]",8fd17d4165193a0fdc9efe91aa784b69,"[('132706966', datetime.datetime(2025, 1, 26, 8, 15, 51), 'works'), ('132706966', datetime.datetime(2025, 1, 26, 8, 16, 10), 'works'), ('132706966', datetime.datetime(2025, 1, 26, 8, 16, 22), 'works')]"
4,test_user,26,sports sciences,2025-01-26 08:18:05,"[348650, 77843313, 29352696, 150822516, 153581125, 147515659, 18502161, 160926783, 44671182]",7653752de0ab1ce8659458734725576d,"[('147515659', datetime.datetime(2025, 1, 26, 8, 19, 23), 'author'), ('44671182', datetime.datetime(2025, 1, 26, 8, 19, 24), 'author'), ('147515659', datetime.datetime(2025, 1, 26, 8, 19, 25), 'works'), ('29352696', datetime.datetime(2025, 1, 26, 8, 19, 25), 'works'), ('348650', datetime.datetime(2025, 1, 26, 8, 19, 28), 'works'), ('29352696', datetime.datetime(2025, 1, 26, 8, 19, 40), 'author'), ('150822516', datetime.datetime(2025, 1, 26, 8, 19, 40), 'author'), ('18502161', datetime.datetime(2025, 1, 26, 8, 19, 40), 'author'), ('160926783', datetime.datetime(2025, 1, 26, 8, 19, 41), 'author'), ('44671182', datetime.datetime(2025, 1, 26, 8, 19, 41), 'works'), ('18502161', datetime.datetime(2025, 1, 26, 8, 19, 42), 'works'), ('160926783', datetime.datetime(2025, 1, 26, 8, 20, 2), 'works'), ('77843313', datetime.datetime(2025, 1, 26, 8, 20, 7), 'author'), ('77843313', datetime.datetime(2025, 1, 26, 8, 20, 24), 'author'), ('44671182', datetime.datetime(2025, 1, 26, 8, 20, 33), 'author'), ('160926783', datetime.datetime(2025, 1, 26, 8, 20, 38), 'author'), ('29352696', datetime.datetime(2025, 1, 26, 8, 20, 38), 'author'), ('147515659', datetime.datetime(2025, 1, 26, 8, 20, 39), 'author'), ('348650', datetime.datetime(2025, 1, 26, 8, 20, 40), 'author'), ('77843313', datetime.datetime(2025, 1, 26, 8, 20, 43), 'author'), ('18502161', datetime.datetime(2025, 1, 26, 8, 20, 44), 'author'), ('18502161', datetime.datetime(2025, 1, 26, 8, 20, 49), 'author'), ('160926783', datetime.datetime(2025, 1, 26, 8, 20, 49), 'author'), ('18502161', datetime.datetime(2025, 1, 26, 8, 20, 51), 'author'), ('44671182', datetime.datetime(2025, 1, 26, 8, 20, 52), 'author'), ('44671182', datetime.datetime(2025, 1, 26, 8, 21, 2), 'author'), ('147515659', datetime.datetime(2025, 1, 26, 8, 21, 41), 'author'), ('77843313', datetime.datetime(2025, 1, 26, 8, 21, 49), 'author')]"
5,test_user,26,school sports literature review,2025-01-26 08:18:19,"[134936298, 160774218, 132706966, 120097631, 68432709, 9089148, 70307482, 143697456, 57172245, 37490493]",480d508bec1f956147651b8e755be904,"[('132706966', datetime.datetime(2025, 1, 26, 8, 18, 37), 'works'), ('132706966', datetime.datetime(2025, 1, 26, 8, 18, 54), 'works'), ('132706966', datetime.datetime(2025, 1, 26, 8, 18, 56), 'works'), ('132706966', datetime.datetime(2025, 1, 26, 8, 18, 56), 'works'), ('132706966', datetime.datetime(2025, 1, 26, 8, 23, 12), 'works'), ('132706966', datetime.datetime(2025, 1, 26, 8, 23, 57), 'works'), ('132706966', datetime.datetime(2025, 1, 26, 8, 24, 40), 'works'), ('132706966', datetime.datetime(2025, 1, 26, 8, 25, 16), 'works'), ('132706966', datetime.datetime(2025, 1, 26, 8, 25, 59), 'works'), ('132706966', datetime.datetime(2025, 1, 26, 8, 26, 13), 'works'), ('132706966', datetime.datetime(2025, 1, 26, 8, 27, 6), 'works')]"
1,test_user,27,Out of school youths related to studies ,2025-01-26 09:36:38,"[87531546, 130383791, 139960900, 36989097, 2350735, 538425, 41652279, 36985920, 36988896, 49597185]",20c5f47550c99dde43f10114397dd3e4,"[('130383791', datetime.datetime(2025, 1, 26, 9, 36, 57), 'works'), ('130383791', datetime.datetime(2025, 1, 26, 9, 37, 13), 'works'), ('130383791', datetime.datetime(2025, 1, 26, 9, 37, 26), 'works')]"
2,test_user,27,Unleasing the life story and hopes of out of youths 2018-2024,2025-01-26 09:39:00,[8165566],99dfa4cde61c6d147984b0a2ddc9c13c,"[('8165566', datetime.datetime(2025, 1, 26, 9, 39, 8), 'author'), ('8165566', datetime.datetime(2025, 1, 26, 9, 39, 14), 'author'), ('8165566', datetime.datetime(2025, 1, 26, 9, 39, 17), 'author'), ('8165566', datetime.datetime(2025, 1, 26, 9, 39, 17), 'author')]"
3,test_user,27,Out of school statistics  2018-2024,2025-01-26 09:39:59,"[8741370, 18836770, 54538291, 69905475, 85938818, 77615618, 8867209, 33914106, 10686103]",272f6e7da3f09a1023421818572a2654,"[('8741370', datetime.datetime(2025, 1, 26, 9, 40, 14), 'author'), ('8741370', datetime.datetime(2025, 1, 26, 9, 40, 20), 'author'), ('8741370', datetime.datetime(2025, 1, 26, 9, 40, 22), 'author'), ('8741370', datetime.datetime(2025, 1, 26, 9, 40, 32), 'author'), ('8741370', datetime.datetime(2025, 1, 26, 9, 40, 43), 'author'), ('8741370', datetime.datetime(2025, 1, 26, 9, 41, 5), 'author')]"
4,test_user,27,Out of school statistics  2018-2024 with introduction ,2025-01-26 09:41:35,"[8741370, 85938818, 69905475, 2639785, 2540623, 85735046, 77615618, 8867209, 18836506]",3439aa2f4b347ff929e5acec33b88c6c,"[('8741370', datetime.datetime(2025, 1, 26, 9, 41, 41), 'works'), ('8741370', datetime.datetime(2025, 1, 26, 9, 41, 47), 'works'), ('8741370', datetime.datetime(2025, 1, 26, 9, 41, 48), 'works'), ('8741370', datetime.datetime(2025, 1, 26, 9, 41, 48), 'works')]"
1,test_user,28,communicable diseases,2025-01-26 11:15:41,"[7102409, 344810, 63864260, 11828548, 4228742, 253332, 12265953, 26559271, 129956185, 85235570]",c2df7acc077f79f5b3b4e5bcef39dc68,"[('63864260', datetime.datetime(2025, 1, 26, 11, 15, 54), 'works')]"
2,test_user,28,communicable diseases AND SCHOOL,2025-01-26 11:16:47,"[63864260, 128873791, 7295837, 11828548, 85039940, 253332, 129956185, 76725494, 2671150, 161306703]",eaaf6075c4bdbc5edf404b09a31d0598,"[('85039940', datetime.datetime(2025, 1, 26, 11, 16, 59), 'works')]"
3,test_user,28,communicable diseases AND PREVENTION,2025-01-26 11:18:15,"[134414761, 3726636, 10231116, 76725494, 77631294, 138415426, 88967313, 26559271, 19214221]",d4a2d45961bf40498126bdd2a048a561,"[('134414761', datetime.datetime(2025, 1, 26, 11, 18, 20), 'works'), ('134414761', datetime.datetime(2025, 1, 26, 11, 24, 41), 'works')]"
4,test_user,28,Prevention OF COMMUNICABLE DISEASE,2025-01-26 11:20:22,"[140387216, 143091769, 16955898, 253332, 2638212, 18545711, 136063625, 132729193, 3504744, 143087348]",a2a187f6b12024ddc19c3ed9b6fc08cb,"[('140387216', datetime.datetime(2025, 1, 26, 11, 20, 30), 'works')]"
1,test_user,29,Teenage pregnancy in the Philippines ,2025-01-26 16:48:37,"[70334588, 112597401, 158143245, 138212898, 71475639, 10869852, 108822283, 68098632, 3006279, 5675405]",087593e9aa31d9f6ea3432649b5d6946,"[('108822283', datetime.datetime(2025, 1, 26, 16, 48, 50), 'works')]"
2,test_user,29,Teenage pregnancy risk,2025-01-26 16:49:29,"[39801545, 2772879, 2821004, 83222200, 8484605, 70358135, 9331966, 40051856, 56333685, 3782646]",69253ee3210a678a5a0a82802acd1570,"[('2772879', datetime.datetime(2025, 1, 26, 16, 49, 38), 'works')]"
3,test_user,29,Teenage pregnancy effects in students ,2025-01-26 16:50:27,"[71476049, 30787549, 3017996, 257539, 124565105, 257930, 36983789, 5518517, 41652794, 36000985]",44a87e0ddaab207d48d73894bba66de9,"[('71476049', datetime.datetime(2025, 1, 26, 16, 50, 33), 'works')]"
4,test_user,29,Teenage pregnancy effects in students ,2025-01-26 16:50:38,"[71476049, 30787549, 3017996, 257539, 124565105, 257930, 36983789, 5518517, 41652794, 36000985]",dfcc6fbd00e62db8b88f75969bd029b7,"[('30787549', datetime.datetime(2025, 1, 26, 16, 50, 57), 'works')]"
5,test_user,29,Teenage pregnancy effects in students Philippines ,2025-01-26 16:51:13,"[3006279, 158143245, 123435709, 71476049, 129944743, 138212898, 156076166, 130761438, 71475639]",7653ee0a36d5c25189b46833dc715669,"[('158143245', datetime.datetime(2025, 1, 26, 16, 51, 18), 'works')]"
6,test_user,29,advantage and Disadvantages of Chat GPT among students philippines,2025-01-26 16:52:07,"[160189020, 156022889, 149557805, 155147142, 143582484, 142353538, 144927807, 144916843, 156914021, 160290146]",5edb72cfab7414d186151fbca2a68754,"[('149557805', datetime.datetime(2025, 1, 26, 16, 53, 13), 'works')]"
7,test_user,29,Teenage pregnancy effects in students Philippines ,2025-01-26 16:52:45,"[3006279, 158143245, 123435709, 71476049, 129944743, 138212898, 156076166, 130761438, 71475639]",93adf97612eace2acf6049bd28409fce,"[('71476049', datetime.datetime(2025, 1, 26, 16, 52, 50), 'works')]"
8,test_user,29,Teenage pregnancy effects in students Philippines ,2025-01-26 16:53:27,"[3006279, 158143245, 123435709, 71476049, 129944743, 138212898, 156076166, 130761438, 71475639]",aecd6b3b9e1a457a17fb67b065b25a2d,"[('156076166', datetime.datetime(2025, 1, 26, 16, 53, 41), 'works')]"
1,test_user,30,Integrity and ai,2025-01-28 07:46:22,"[160930400, 153460535, 71279467, 157250786, 158248819, 164157306, 156757496, 9558191, 156760705]",c0f566571900c7dd9e906e7ee2db73fd,"[('160930400', datetime.datetime(2025, 1, 28, 7, 47, 1), 'works')]"
2,test_user,30,Academic integrity in artificial intelligence,2025-01-28 07:48:34,"[138145793, 148370435, 153270582, 138145786, 148370424, 159416973, 164060285, 157685701, 153517116, 153460535]",cf7a54253993cdf842d81d70f6805faa,"[('138145793', datetime.datetime(2025, 1, 28, 7, 49, 52), 'works')]"
3,test_user,30,Ai integrity,2025-01-28 07:49:43,"[160930400, 71279467, 153460535, 157250786, 156757496, 9558191, 156760705, 162647672, 159282247]",7f47d111c694c4a7c31b4869943e1ea9,"[('160930400', datetime.datetime(2025, 1, 28, 7, 49, 56), 'works')]"
4,test_user,30,Academic integrity and ai,2025-01-28 07:50:49,"[160930400, 71279467, 153460535, 9558191, 157250786, 146692341, 156908581, 148370627, 147740119, 160745191]",a0737408266a91f7ac92551be3148018,"[('9558191', datetime.datetime(2025, 1, 28, 7, 51, 6), 'works')]"
1,test_user,31,out of school,2025-01-29 03:31:37,"[128496403, 62673218, 2730539, 12360925, 7105268, 37996403, 34101227, 36995381, 37000590]",c31804e2c8f8875500516e8d16aec28c,"[('36995381', datetime.datetime(2025, 1, 29, 3, 32), 'author')]"
2,test_user,31,Out of school youths related to studies ,2025-01-29 03:31:37,"[87531546, 130383791, 139960900, 36989097, 2350735, 538425, 36985920, 41652279, 36988896, 49597185]",afc9cab21e836db2162516497285c68b,"[('87531546', datetime.datetime(2025, 1, 29, 3, 31, 49), 'works')]"
3,test_user,31,Out of school youths ,2025-01-29 03:33:12,"[122580755, 67391647, 157883871, 107423691, 80080579, 36997637, 8500926, 123547812, 131685009, 123817752]",f6a60f95c297cfbe5b1e7cec5a286b45,"[('8500926', datetime.datetime(2025, 1, 29, 3, 33, 27), 'works'), ('8500926', datetime.datetime(2025, 1, 29, 3, 33, 33), 'works')]"
4,test_user,31,Out of school youths ,2025-01-29 03:34:03,"[122580755, 67391647, 157883871, 107423691, 80080579, 36997637, 8500926, 123547812, 131685009, 123817752]",0165066f60c18a54f3f7910a360fab33,"[('67391647', datetime.datetime(2025, 1, 29, 3, 34, 12), 'works')]"
5,test_user,31,Out of school youths ,2025-01-29 03:34:16,"[122580755, 67391647, 157883871, 107423691, 80080579, 36997637, 8500926, 123547812, 131685009, 123817752]",5c55b3307e87290847c194af5377e89a,"[('157883871', datetime.datetime(2025, 1, 29, 3, 34, 21), 'works')]"
6,test_user,31,out of school,2025-01-29 03:35:27,"[36986816, 39760659, 37479717, 36984478, 2035417, 132321525, 19163695, 45007775, 12367845, 2697593]",9b770c4d33265c2648bf31d19ada38cc,"[('39760659', datetime.datetime(2025, 1, 29, 3, 35, 49), 'works')]"
7,test_user,31,Out of school youths 2018-2024,2025-01-29 03:35:37,"[160712013, 159430664, 158155704, 160393815, 160139624, 155539884, 160280048, 156757917, 164512196, 156758016]",d637d9d14f7e6130403ea0683faa9422,"[('164512196', datetime.datetime(2025, 1, 29, 3, 35, 55), 'works')]"
8,test_user,31,out of school,2025-01-29 03:35:54,"[36986816, 39760659, 37479717, 36984478, 2035417, 132321525, 19163695, 45007775, 12367845, 2697593]",47cbdd5749cdb3a7cef053713a940c0e,"[('2697593', datetime.datetime(2025, 1, 29, 3, 36, 9), 'works')]"
1,test_user,32,school dress codes,2025-01-29 15:28:01,"[112488180, 129415671, 61675490, 40937612, 40296776, 107276539, 138556102, 80044506, 48239531, 63099472]",647b33d9ee5c59ac420a84de0be388fd,"[('61675490', datetime.datetime(2025, 1, 29, 15, 28, 37), 'works'), ('61675490', datetime.datetime(2025, 1, 29, 15, 28, 56), 'works')]"
2,test_user,32,school dress codes in the United states,2025-01-29 15:30:06,"[112488180, 63284265, 68803864, 34141422, 61675490, 34141121, 40102904, 18989435, 34141663, 21015136]",78ff3df775bbab8223d2e2d3d7d04b97,"[('112488180', datetime.datetime(2025, 1, 29, 15, 30, 18), 'works')]"
3,test_user,32,school dress code issues,2025-01-29 15:31:20,"[112488180, 107276539, 39546560, 9146674, 72007061, 8303438, 12360560, 8962073, 9463660, 219377]",095e23f827898dac00a4f2a7a97eb573,"[('39546560', datetime.datetime(2025, 1, 29, 15, 31, 55), 'works')]"
4,test_user,32,school dress code,2025-01-29 15:34:41,"[132659320, 112488180, 62206334, 150544757, 149952652, 39546560, 9552275, 107276539, 40937612, 71858614]",282b670c07f4644c84bfa4dc27db4bfe,"[('112488180', datetime.datetime(2025, 1, 29, 15, 34, 43), 'works'), ('112488180', datetime.datetime(2025, 1, 29, 15, 35, 4), 'works')]"
1,test_user,33,"Effects of name calling on friends  AND (yearPublished>=2020 AND yearPublished<=2024) AND documentType""research"" AND authors""Ackland, Robert""",2025-01-29 21:23:58,[51251179],db15ba917117ebd427b3f575c630cc88,"[('51251179', datetime.datetime(2025, 1, 29, 21, 24, 2), 'works')]"
2,test_user,33,Name-calling  AND (yearPublished>=2020 AND yearPublished<=2025),2025-01-29 21:25:32,"[120180092, 83520916, 85661104, 160737328, 154497194, 11358844, 150007642, 64620336, 125881207]",7e971f68ae2a13a5b7fab639968d9184,"[('120180092', datetime.datetime(2025, 1, 29, 21, 25, 41), 'works')]"
3,test_user,33,Effects of name calling ,2025-01-29 21:26:16,"[49620872, 66679502, 8220942, 160580998, 47993814, 112599010, 4415256, 2265022, 33899255]",68c53944d4ecf6c7d74285cd10798b1c,"[('66679502', datetime.datetime(2025, 1, 29, 21, 26, 23), 'works')]"
4,test_user,33,Effects of name calling  AND (yearPublished>=2020 AND yearPublished<=2024),2025-01-29 21:26:57,"[83520916, 120180092, 144207951, 85661104, 83520663, 129383168, 162606904, 160440269, 125779613, 156807368]",fa471f7c44a53f6242adead9dd8cfe2a,"[('83520916', datetime.datetime(2025, 1, 29, 21, 27, 16), 'works')]"
1,test_user,34,TYRES MINING PREDICTION,2025-01-30 04:59:23,"[6289528, 9846568, 235006, 159497818, 2510137, 156689709, 4572677, 11669684, 85399033]",b83bff0fd8ba9bbbd2f86fefc5625713,"[('9846568', datetime.datetime(2025, 1, 30, 4, 59, 31), 'works')]"
2,test_user,34,TYRES AND TRUCKS AND MINING AND PREDICTION,2025-01-30 05:00:42,"[9846568, 6289528, 161816427, 11669684, 23054360, 27397206, 67360015, 51908908, 42889995, 138523832]",8d8e0851450cb4ce665e74c185056f79,"[('67360015', datetime.datetime(2025, 1, 30, 5, 0, 58), 'works'), ('67360015', datetime.datetime(2025, 1, 30, 5, 1, 26), 'works')]"
3,test_user,34,TRUCKS AND MINING AND PREDICTION,2025-01-30 05:02:43,"[10890882, 129209032, 63224052, 63289007, 145310807, 132993634, 160957263]",be1e19c1a99d85d02de5d0afb627bb5f,"[('63224052', datetime.datetime(2025, 1, 30, 5, 2, 57), 'works')]"
4,test_user,34,TRUCKS AND TYRES,2025-01-30 05:03:55,"[4678314, 18887584, 8062690, 2465002, 41257983, 86383570, 158281770, 10997318, 51944769, 214253]",787c01261d8fe476cd4cf23169e29a22,"[('4678314', datetime.datetime(2025, 1, 30, 5, 3, 58), 'works')]"
1,test_user,35,ball milling,2025-01-30 10:36:11,"[5014165, 43118201, 8860837, 5096102, 24884301, 39421125, 5356707]",fda308acc339f032c816e96b9b7b9f39,"[('5096102', datetime.datetime(2025, 1, 30, 10, 36, 20), 'works')]"
2,test_user,35,ball milling AND (yearPublished>=2018 AND yearPublished<=2024),2025-01-30 10:36:27,"[5178534, 162376663, 157033794, 109886770, 10911924, 144848339, 45448913, 129442069, 67765781, 154454331]",0a6eca19a71e2fddbb10116069a4d747,"[('45448913', datetime.datetime(2025, 1, 30, 10, 36, 46), 'works')]"
3,test_user,35,ball milling AND (yearPublished>=2018 AND yearPublished<=2024),2025-01-30 10:36:51,"[163105876, 86670886, 129749604, 150055595, 131940614, 79402845, 13206044, 133758461, 7779651]",012570b751cee083bd7523671cad781d,"[('163105876', datetime.datetime(2025, 1, 30, 10, 36, 56), 'works')]"
4,test_user,35,ball milling copper,2025-01-30 10:38:47,"[162376663, 157033794, 154454331, 18499206, 5187962, 129442069, 33365084, 58398796, 141478336, 34197705]",ce9439861f0563cb1988639f41b3a1a3,"[('157033794', datetime.datetime(2025, 1, 30, 10, 38, 56), 'works')]"
5,test_user,35,ball milling copper AND (yearPublished>=2015 AND yearPublished<=2024),2025-01-30 10:39:01,"[162376663, 157033794, 154454331, 18499206, 129442069, 45448913, 46767644, 10995161, 23091013]",f21379f8ba23c6aecffcd17526ddcd3e,"[('129442069', datetime.datetime(2025, 1, 30, 10, 39, 12), 'works')]"
1,test_user,36,chickfila customer service standards,2025-02-03 02:06:35,"[132901220, 68587895, 33157310, 63227168, 63274567, 84224586, 37701223, 33156999, 83391158]",b982fd097f4685a89bc21a3e1ef953cd,"[('132901220', datetime.datetime(2025, 2, 3, 2, 6, 52), 'works'), ('132901220', datetime.datetime(2025, 2, 3, 2, 7, 11), 'works')]"
2,test_user,36,chickfila customer service standards,2025-02-03 02:06:35,"[132901220, 68587895, 33157310, 63227168, 63274567, 84224586, 37701223, 33156999, 83391158]",b982fd097f4685a89bc21a3e1ef953cd,"[('132901220', datetime.datetime(2025, 2, 3, 2, 6, 52), 'works'), ('132901220', datetime.datetime(2025, 2, 3, 2, 7, 11), 'works')]"
3,test_user,36,Customer service,2025-02-03 02:06:50,"[44607471, 7563467, 155484529, 10158075, 8362517, 5069006, 40371304, 49214287, 31291373]",feef910a8d0ada55107b2bbc14342a16,"[('7563467', datetime.datetime(2025, 2, 3, 2, 6, 54), 'works'), ('7563467', datetime.datetime(2025, 2, 3, 2, 7, 29), 'works')]"
4,test_user,36,Customer service,2025-02-03 02:07:36,"[44607471, 7563467, 155484529, 10158075, 8362517, 5069006, 40371304, 49214287, 31291373]",cecf41b225e3f24a0da8b5fabd750484,"[('44607471', datetime.datetime(2025, 2, 3, 2, 7, 46), 'works'), ('44607471', datetime.datetime(2025, 2, 3, 2, 7, 49), 'works'), ('44607471', datetime.datetime(2025, 2, 3, 2, 7, 51), 'works'), ('44607471', datetime.datetime(2025, 2, 3, 2, 11, 18), 'works')]"
5,test_user,36,customer service,2025-02-03 02:08:10,"[44607471, 7563467, 155484529, 10158075, 8362517, 5069006, 40371304, 49214287, 31291373]",261faede60d20ee01da4e493389d6f61,"[('31291373', datetime.datetime(2025, 2, 3, 2, 8, 43), 'works')]"
6,test_user,36,customer service standards,2025-02-03 02:08:57,"[48122076, 2483382, 2625258, 107298422, 46941764, 46941028, 7147889, 132394573, 128986017, 58073064]",94ef11b658d1af1b7a51adf011d35884,"[('46941764', datetime.datetime(2025, 2, 3, 2, 9, 12), 'works'), ('46941764', datetime.datetime(2025, 2, 3, 2, 9, 17), 'works'), ('46941764', datetime.datetime(2025, 2, 3, 2, 9, 17), 'works')]"
1,test_user,37,Financial burden affects grade 11 students education AND (yearPublished>=2020 AND yearPublished<=2024),2025-02-03 14:07:48,"[120103937, 156542980, 11831861, 160826711, 86784452, 160434661, 129756356, 146483446, 68967697, 81949909]",97b630fd2fdd92b15fc73aca3418dc6a,"[('156542980', datetime.datetime(2025, 2, 3, 14, 7, 57), 'works'), ('156542980', datetime.datetime(2025, 2, 3, 14, 8, 2), 'works')]"
2,test_user,37,readiness of grade 11 students in entrepreneurship,2025-02-03 14:09:05,"[5106141, 158113493, 152241303, 3160960, 138199791, 128497750, 150254867, 122469484, 77959030, 98655444]",e240a4fc3748ff03b12d4e808fe572c7,"[('122469484', datetime.datetime(2025, 2, 3, 14, 9, 56), 'works')]"
3,test_user,37,Financial burden affects grade 11 students education AND (yearPublished>=2020 AND yearPublished<=2024),2025-02-03 14:09:07,"[126422694, 165333047, 68966780, 79247472, 134529992, 158023078, 128886240, 148205022, 126855576, 13977833]",b06a19e01697575774161d9681b426c0,"[('128886240', datetime.datetime(2025, 2, 3, 14, 9, 28), 'works')]"
1,test_user,38,how do students deal with academic stress,2025-02-04 00:40:25,"[123455266, 41664239, 2322567, 9461836, 4400281, 40911806, 2324231, 62535235, 71906940, 77442635]",aac9acb1b86e97c2ba6524ad89cdfcf7,"[('2322567', datetime.datetime(2025, 2, 4, 0, 40, 43), 'works')]"
2,test_user,38,how do students deal with academic stress AND (yearPublished>=2015 AND yearPublished<=2024),2025-02-04 00:41:08,"[10992357, 40299771, 145227966, 63341727, 68551174, 152375061, 136971897, 50039642, 77442635, 149901314]",66acc926423edd54dfa1090022c8d7ed,"[('10992357', datetime.datetime(2025, 2, 4, 0, 41, 13), 'works'), ('10992357', datetime.datetime(2025, 2, 4, 0, 41, 15), 'works'), ('10992357', datetime.datetime(2025, 2, 4, 0, 42, 54), 'works')]"
3,test_user,38,how do students deal with academic stress AND (yearPublished>=2015 AND yearPublished<=2024),2025-02-04 00:42:57,"[10992357, 40299771, 145227966, 63341727, 68551174, 152375061, 136971897, 50039642, 77442635, 149901314]",759c199dd4c06c67bc1d82934bb1b8d4,"[('63341727', datetime.datetime(2025, 2, 4, 0, 43, 33), 'works')]"
4,test_user,38,how do abm student cope with academic stress?,2025-02-04 00:43:25,"[8730628, 133727788, 63073920, 19159447, 157012384, 126173297, 46939252, 126172825, 126020872, 131344816]",d506e6efddf7e51925245a2b1573ea25,"[('8730628', datetime.datetime(2025, 2, 4, 0, 43, 31), 'works'), ('8730628', datetime.datetime(2025, 2, 4, 0, 43, 34), 'works'), ('8730628', datetime.datetime(2025, 2, 4, 0, 43, 35), 'works')]"
5,test_user,38,How do students experience with academic stress affect mental health being,2025-02-04 00:44:28,"[8741354, 40102467, 8681306, 81749428, 36989649, 43242119, 10127029, 40374783, 2322567, 8377550]",8f45eb080a37277b9394e5962ea3c1c0,"[('8741354', datetime.datetime(2025, 2, 4, 0, 45, 15), 'works')]"
1,test_user,39,Personal struggles of humss students,2025-02-04 06:23:06,"[107663836, 160926286, 141986903, 13976703, 162724306, 165249870, 155997754, 155997988, 46359157, 156127632]",e453f4bb848d7ac418955eed536f0847,"[('160926286', datetime.datetime(2025, 2, 4, 6, 23, 41), 'works')]"
2,test_user,39,role of personal struggles in shaping motivation of grade 11 humss motivation make ir academic motivation ,2025-02-04 06:24:19,"[156127632, 154207766, 151006394, 12847133]",701c2e49a756a3e663bbff63750c593f,"[('151006394', datetime.datetime(2025, 2, 4, 6, 24, 27), 'works')]"
3,test_user,39,Personal struggles faced HUMSS STUDENTS,2025-02-04 06:25:21,"[160926286, 162724306, 165249870, 155997754, 156127632, 154207766, 46359157, 28101847, 102742173, 19983532]",bdb6e0809d82a337d87e5d6ffe4a3319,"[('160926286', datetime.datetime(2025, 2, 4, 6, 26, 22), 'works'), ('160926286', datetime.datetime(2025, 2, 4, 6, 26, 23), 'works'), ('160926286', datetime.datetime(2025, 2, 4, 6, 26, 26), 'works'), ('160926286', datetime.datetime(2025, 2, 4, 6, 26, 27), 'works'), ('160926286', datetime.datetime(2025, 2, 4, 6, 26, 28), 'works'), ('160926286', datetime.datetime(2025, 2, 4, 6, 26, 28), 'works'), ('160926286', datetime.datetime(2025, 2, 4, 6, 26, 31), 'works')]"
4,test_user,39,role of personal struggles in shaping motivation of grade 11 humss motivation make ir academic motivation ,2025-02-04 06:25:38,"[156127632, 154207766, 151006394, 12847133]",bc3bd4876e6fb6c85347eb33ad2b3f29,"[('151006394', datetime.datetime(2025, 2, 4, 6, 26, 3), 'author'), ('151006394', datetime.datetime(2025, 2, 4, 6, 26, 27), 'author'), ('151006394', datetime.datetime(2025, 2, 4, 6, 26, 58), 'author'), ('151006394', datetime.datetime(2025, 2, 4, 6, 29, 8), 'author'), ('151006394', datetime.datetime(2025, 2, 4, 6, 31, 16), 'author'), ('151006394', datetime.datetime(2025, 2, 4, 6, 31, 17), 'author'), ('151006394', datetime.datetime(2025, 2, 4, 6, 31, 57), 'author'), ('151006394', datetime.datetime(2025, 2, 4, 6, 32, 4), 'author'), ('151006394', datetime.datetime(2025, 2, 4, 6, 32, 22), 'author'), ('151006394', datetime.datetime(2025, 2, 4, 6, 32, 23), 'author')]"
5,test_user,39,academic motivation of personal struggles ,2025-02-04 06:26:58,"[150462427, 125423040, 160435273, 152066937, 46246339, 46360296, 33907710, 46360704, 4356628, 162724306]",745e2ab33d9db11c0bf7436a98e24583,"[('150462427', datetime.datetime(2025, 2, 4, 6, 27, 8), 'works')]"
1,test_user,40,celebrity gender variable,2025-02-04 10:47:00,"[62543366, 2515487, 54165200, 2828358, 40320840, 31641464]",e706a1af812b778ae3e9604c922cd564,"[('62543366', datetime.datetime(2025, 2, 4, 10, 47, 6), 'works')]"
2,test_user,40,celebrity gender ,2025-02-04 10:48:28,"[4188815, 143760, 5231814, 127348049, 70354955, 4198886, 127348047, 155453496, 74703412, 8317317]",7cb23f4e6f3ca6e7e6337c65143e4902,"[('70354955', datetime.datetime(2025, 2, 4, 10, 48, 58), 'works')]"
3,test_user,40,The Effectiveness of Celebrity Endorsements in Decision Making of Customers,2025-02-04 10:48:39,"[62749899, 40076189, 154817319, 70354955, 160193735, 98847124, 70321366, 70298271, 68978647, 158075642]",815e3af90c67093818a3cb1b230ecedd,"[('70354955', datetime.datetime(2025, 2, 4, 10, 49, 7), 'works')]"
4,test_user,40,The Effectiveness of Celebrity Endorsements in Decision Making of Customers,2025-02-04 10:48:39,"[62749899, 40076189, 154817319, 70354955, 160193735, 98847124, 70321366, 70298271, 68978647, 158075642]",815e3af90c67093818a3cb1b230ecedd,"[('70354955', datetime.datetime(2025, 2, 4, 10, 49, 7), 'works')]"
5,test_user,40,The Effectiveness of Celebrity Endorsements in Decision Making of Customers,2025-02-04 10:49:21,"[160193735, 158075642, 160815525, 160712067, 160219841, 155072727, 160675774, 159481750, 160713236, 157817550]",3a773476d1c0f81b046f11c1ab634a18,"[('160815525', datetime.datetime(2025, 2, 4, 10, 49, 56), 'works'), ('160815525', datetime.datetime(2025, 2, 4, 10, 50), 'works')]"
6,test_user,40,gender in celebrity culture,2025-02-04 10:49:37,"[4188815, 24079661, 4198886, 155453496, 4081063, 8317317, 69823180, 126588809, 8501298, 57005907]",1eb9293126f6f86b4a7faabb406f2527,"[('24079661', datetime.datetime(2025, 2, 4, 10, 49, 57), 'works')]"
1,test_user,41,level of awareness on hygiene AND (yearPublished>=2017 AND yearPublished<=2025),2025-02-04 22:59:52,"[68376391, 36415955, 123413089, 43307471, 140387216, 75260709, 154151026, 160710913]",306d56b49465500fbb4efe5c92130dae,"[('123413089', datetime.datetime(2025, 2, 4, 22, 59, 56), 'works')]"
2,test_user,41,Hygiene Products,2025-02-04 23:01:22,"[40102906, 1154320, 44761015, 160436200, 69247076, 77887947, 135640203, 2600010, 40128780]",ea667970d3d1fa2184291f02c09067f1,"[('69247076', datetime.datetime(2025, 2, 4, 23, 1, 45), 'works'), ('69247076', datetime.datetime(2025, 2, 4, 23, 4, 6), 'works'), ('69247076', datetime.datetime(2025, 2, 4, 23, 8, 29), 'works')]"
3,test_user,41,level of awareness on hygiene AND (yearPublished>=2017 AND yearPublished<=2025),2025-02-04 23:02:11,"[123426235, 11586865, 75033875, 164502364, 127443148, 157903539, 74728136, 138431391, 160087081]",5fcb43b23419153412808ca55ce0c847,"[('164502364', datetime.datetime(2025, 2, 4, 23, 2, 18), 'works')]"
4,test_user,41,level of awareness on hygiene AND (yearPublished>=2017 AND yearPublished<=2025),2025-02-04 23:03:06,"[123426235, 11586865, 75033875, 164502364, 127443148, 157903539, 74728136, 138431391, 160087081]",a7df04186bf3ae9b18ae198129e94a7a,"[('160087081', datetime.datetime(2025, 2, 4, 23, 3, 29), 'works')]"
1,test_user,42,importance of capstone project,2025-02-05 01:54:40,"[41651838, 67529347, 42982005, 68628990, 121229915, 68631192, 135568108, 122633445, 67529094, 84781164]",29d15cb1390f58e8efd9d26388e8d522,"[('67529347', datetime.datetime(2025, 2, 5, 1, 54, 47), 'works')]"
2,test_user,42,importance of capstone project to STEM students,2025-02-05 01:56:05,"[135568125, 99348179, 38145476, 74873103, 85869113, 31634194, 10685354, 62997484, 62997380, 31636270]",8409a118f893d573a8015cc8a30efeac,"[('135568125', datetime.datetime(2025, 2, 5, 1, 56, 12), 'works'), ('135568125', datetime.datetime(2025, 2, 5, 1, 56, 12), 'works'), ('135568125', datetime.datetime(2025, 2, 5, 1, 56, 48), 'works')]"
3,test_user,42,importance of capstone project to STEM students,2025-02-05 01:57:13,"[135568125, 99348179, 38145476, 74873103, 85869113, 31634194, 10685354, 62997484, 62997380, 31636270]",774723d17d24e26c127305edd7a311db,"[('74873103', datetime.datetime(2025, 2, 5, 1, 57, 29), 'works'), ('74873103', datetime.datetime(2025, 2, 5, 1, 57, 29), 'works')]"
4,test_user,42,capstone project,2025-02-05 01:59:03,"[160381479, 41651838, 146362284, 41653165, 41651635, 62330757, 68416578, 67529347]",95d871d4d28068e48ccc0b81a91f00e4,"[('160381479', datetime.datetime(2025, 2, 5, 1, 59, 9), 'works'), ('160381479', datetime.datetime(2025, 2, 5, 1, 59, 9), 'works')]"
5,test_user,42,capstone project for students,2025-02-05 01:59:45,"[41651838, 41651635, 41653165, 67529347, 67529577, 67529326, 67529709, 149969227, 158023107, 41652400]",fb4b59e550bd2276cdb3dfc2fcf72e8d,"[('41651838', datetime.datetime(2025, 2, 5, 1, 59, 52), 'works'), ('41651838', datetime.datetime(2025, 2, 5, 1, 59, 52), 'works')]"
6,test_user,42,capstone project for students,2025-02-05 01:59:56,"[41651838, 41651635, 41653165, 67529347, 67529577, 67529326, 67529709, 149969227, 158023107, 41652400]",28b0a3e9720dee6398492f9b06b16a35,"[('149969227', datetime.datetime(2025, 2, 5, 2, 0, 17), 'works'), ('149969227', datetime.datetime(2025, 2, 5, 2, 2, 21), 'works'), ('149969227', datetime.datetime(2025, 2, 5, 2, 2, 33), 'works'), ('149969227', datetime.datetime(2025, 2, 5, 2, 2, 33), 'works'), ('149969227', datetime.datetime(2025, 2, 5, 2, 2, 33), 'works'), ('149969227', datetime.datetime(2025, 2, 5, 2, 2, 43), 'works'), ('149969227', datetime.datetime(2025, 2, 5, 2, 2, 59), 'works')]"
1,test_user,43,Assessing the Utilization of Library Resources Among Senior High School Students,2025-02-07 06:29:45,"[124879004, 31634303, 160649190, 44153287, 24925627, 80081408, 37995323, 18082008, 46752457]",9646693cd84248f25784c4906be3a813,"[('124879004', datetime.datetime(2025, 2, 7, 6, 29, 52), 'works')]"
2,test_user,43,assessing the utilization of library resources among senior high school student,2025-02-07 06:30:25,"[2860306, 40436996, 36986968, 156078610, 36984150, 36990013, 8643112, 31634303, 44153287]",38b8000e45d7e33da263068398ee9743,"[('36986968', datetime.datetime(2025, 2, 7, 6, 31, 56), 'works')]"
3,test_user,43,"""Assessing the Utilization of Library Resources Among Senior High School Students",2025-02-07 06:32:40,"[2860306, 36984150, 156078610, 123838931, 36994615, 40436996, 36986968, 8643112, 36990013]",fede769a36903904afd9425c038c9e99,"[('36984150', datetime.datetime(2025, 2, 7, 6, 32, 51), 'works')]"
4,test_user,43,Adjustments of Grade 11 in Transitioning from Junior High School to Senior High School,2025-02-07 06:33:24,"[36984197, 44692813, 37002226, 46523324, 62047028, 160592390, 123410561, 132700401, 107386689, 144561606]",530508829edc90913f74187ef4ba396c,"[('123410561', datetime.datetime(2025, 2, 7, 6, 33, 48), 'works')]"
5,test_user,43,assessing the utilization of library resources among senior high school,2025-02-07 06:34:16,"[2860306, 36984150, 123838931, 36994615, 156078610, 36991330, 8643112, 40436996, 36986968]",3ac074e027130a6e4a20440bbd3f01d0,"[('40436996', datetime.datetime(2025, 2, 7, 6, 34, 55), 'works')]"
6,test_user,43,"""Assessing the Utilization of Library Resources Among Senior High School Students",2025-02-07 06:34:31,"[2860306, 36984150, 156078610, 123838931, 36994615, 40436996, 36986968, 8643112, 36990013]",15724883835baf186ea2636cf1ca6b72,"[('40436996', datetime.datetime(2025, 2, 7, 6, 34, 34), 'works'), ('40436996', datetime.datetime(2025, 2, 7, 6, 38, 20), 'works')]"
1,test_user,44,effects of media literacy on learning experience ,2025-02-08 15:54:49,"[213271, 8868621, 36996622, 77231420, 62528977, 44759354, 267373, 128496322, 256706, 256108]",4dd111537a7a8d21a1ca912fe1d611ad,"[('44759354', datetime.datetime(2025, 2, 8, 15, 55, 11), 'works')]"
2,test_user,44,media literacy skills,2025-02-08 15:55:11,"[156462828, 4762625, 84628214, 153245377, 155446828, 141526785, 43469067, 31614868, 62323511, 126958714]",73071860414ec67d0fc5f01d94884421,"[('62323511', datetime.datetime(2025, 2, 8, 15, 55, 33), 'works')]"
3,test_user,44,effects of media literacy on learning experience ,2025-02-08 15:55:14,"[213271, 8868621, 36996622, 77231420, 62528977, 44759354, 267373, 128496322, 256706, 256108]",e75d98138f8df1d3f0cf4b2a467446c2,"[('128496322', datetime.datetime(2025, 2, 8, 15, 55, 23), 'works')]"
4,test_user,44,impact of media literacy on learning experience ,2025-02-08 15:56:05,"[30345982, 148086574, 8288631, 149949106, 8062407, 128496322, 26260576, 36998531, 85775756, 8804364]",a3c4eb32c45d0929630cc40437660d2a,"[('26260576', datetime.datetime(2025, 2, 8, 15, 56, 22), 'works')]"
5,test_user,44,application of media literacy ,2025-02-08 15:57:00,"[156462828, 160721034, 133186090, 150260475, 129068879, 31615283, 8059151, 162939219, 140749110]",859a2685a5427f6db156e63be81f3b78,"[('162939219', datetime.datetime(2025, 2, 8, 15, 57, 53), 'works')]"
1,test_user,45,sample of article of a corporation ,2025-02-09 07:55:02,"[52518676, 108412510, 150357438, 37435994, 71264096, 14194791, 140748390, 19212247]",83b7cc43d0ae059cce345aa20b646c53,"[('150357438', datetime.datetime(2025, 2, 9, 7, 55, 11), 'works')]"
2,test_user,45,Short article discussing about corporation and it's rules and regulations,2025-02-09 07:55:53,"[36645689, 80485761, 40102897, 40102681, 69319222, 38336647, 40820159, 37703075, 131045873, 46677287]",1a2a559964e634e6c0be9b072c97764c,"[('36645689', datetime.datetime(2025, 2, 9, 7, 56, 16), 'works')]"
3,test_user,45,sample of article of a corporation ,2025-02-09 07:56:03,"[52518676, 108412510, 150357438, 37435994, 71264096, 14194791, 140748390, 19212247]",46b55ccf322de9cae8bbd620435e869f,"[('108412510', datetime.datetime(2025, 2, 9, 7, 56, 11), 'works')]"
4,test_user,45,Short articles about corporation discussing about their rules and regulations,2025-02-09 07:57:21,"[40102897, 40415410, 36650283, 34146782, 40821102, 46675457, 41811928, 39929392, 6088798, 46675025]",d0e409085a496ee0cf2bc51fc97048b2,"[('40102897', datetime.datetime(2025, 2, 9, 7, 57, 31), 'works'), ('40102897', datetime.datetime(2025, 2, 9, 7, 58, 39), 'works')]"
5,test_user,45,Short articles about corporation discussing about their rules and regulations,2025-02-09 07:57:21,"[40102897, 40415410, 36650283, 34146782, 40821102, 46675457, 41811928, 39929392, 6088798, 46675025]",d0e409085a496ee0cf2bc51fc97048b2,"[('40102897', datetime.datetime(2025, 2, 9, 7, 57, 31), 'works'), ('40102897', datetime.datetime(2025, 2, 9, 7, 58, 39), 'works')]"
6,test_user,45, article of a corporation ,2025-02-09 07:57:59,"[26611855, 26609892, 36651109, 36658272, 2827032, 34144223, 67827131, 7919200, 7796923, 38329070]",9d01cbe498f84046e910a5db65436f7c,"[('26611855', datetime.datetime(2025, 2, 9, 8, 3, 5), 'works')]"
7,test_user,45,Short articles about corporation discussing about their rules and regulations,2025-02-09 07:58:41,"[40102897, 40415410, 36650283, 34146782, 40821102, 46675457, 41811928, 39929392, 6088798, 46675025]",50d755a84167d31c1448062c14b5d5c4,"[('36650283', datetime.datetime(2025, 2, 9, 7, 58, 48), 'works'), ('36650283', datetime.datetime(2025, 2, 9, 7, 59, 45), 'works')]"
8,test_user,45,Short articles about corporation discussing about their rules and regulations,2025-02-09 07:59:49,"[40102897, 40415410, 36650283, 34146782, 40821102, 46675457, 41811928, 39929392, 6088798, 46675025]",b0e9badf9a6d1f486e83e4ee91c7b669,"[('41811928', datetime.datetime(2025, 2, 9, 8, 0, 1), 'works')]"
9,test_user,45,Short articles about corporation discussing about their rules and regulations,2025-02-09 08:00:18,"[1224805, 36645689, 31641435, 46677063, 40102681, 34140108, 46755110, 46757458, 46755785, 63045494]",8d06328bd165e352e42b1d5a520bb4c4,"[('1224805', datetime.datetime(2025, 2, 9, 8, 0, 31), 'works')]"
10,test_user,45,Short articles about corporation discussing about their rules and regulations,2025-02-09 08:00:39,"[1224805, 36645689, 31641435, 46677063, 40102681, 34140108, 46755110, 46757458, 46755785, 63045494]",31696bf8771eadb854c9c051142bef5d,"[('34140108', datetime.datetime(2025, 2, 9, 8, 0, 44), 'works')]"
